{
  "Melilla": {
    "north": 35.3203,
    "south": 35.265489,
    "west": -2.970296,
    "east": -2.923167
  },
  "Lugo": {
    "north": 43.761644,
    "south": 42.3257,
    "west": -7.999732,
    "east": -6.814053
  },
  "Palencia": {
    "north": 43.060989,
    "south": 41.758166,
    "west": -5.031895,
    "east": -3.889622
  },
  "Ciudad Real": {
    "north": 39.576761,
    "south": 38.342453,
    "west": -5.046948,
    "east": -2.63789
  },
  "Las Palmas": {
    "north": 29.416011,
    "south": 27.734607,
    "west": -15.83464,
    "east": -13.334958
  },
  "Zamora": {
    "north": 42.254177,
    "south": 41.117173,
    "west": -7.034043,
    "east": -5.228873
  },
  "Cádiz": {
    "north": 37.052445,
    "south": 36.000281,
    "west": -6.472066,
    "east": -5.086769
  },
  "Granada": {
    "north": 38.084093,
    "south": 36.69352,
    "west": -4.328133,
    "east": -2.207789
  },
  "Soria": {
    "north": 42.146706,
    "south": 41.056508,
    "west": -3.550438,
    "east": -1.775372
  },
  "La Rioja": {
    "north": 42.644265,
    "south": 41.919034,
    "west": -3.134271,
    "east": -1.678701
  },
  "Ceuta": {
    "north": 35.917947,
    "south": 35.870738,
    "west": -5.382061,
    "east": -5.278299
  },
  "Ávila": {
    "north": 41.16425,
    "south": 40.081932,
    "west": -5.737562,
    "east": -4.160234
  },
  "Navarra": {
    "north": 43.314792,
    "south": 41.909894,
    "west": -2.500083,
    "east": -0.72407
  },
  "Teruel": {
    "north": 41.354389,
    "south": 39.846778,
    "west": -1.805664,
    "east": 0.293501
  },
  "Pontevedra": {
    "north": 42.860138,
    "south": 41.868964,
    "west": -8.949453,
    "east": -7.861428
  },
  "Jaén": {
    "north": 38.532534,
    "south": 37.378278,
    "west": -4.28764,
    "east": -2.434985
  },
  "Tarragona": {
    "north": 41.582606,
    "south": 40.523047,
    "west": 0.15907,
    "east": 1.653151
  },
  "Málaga": {
    "north": 37.282199,
    "south": 36.310281,
    "west": -5.611777,
    "east": -3.765967
  },
  "Almería": {
    "north": 37.916248,
    "south": 35.937646,
    "west": -3.140187,
    "east": -1.630124
  },
  "Madrid": {
    "north": 41.165845,
    "south": 39.884719,
    "west": -4.579076,
    "east": -3.052983
  },
  "Cantabria": {
    "north": 43.513656,
    "south": 42.75805,
    "west": -4.851778,
    "east": -3.149635
  },
  "Territorio no asociado a ninguna provincia": {
    "north": 35.91658,
    "south": 35.170445,
    "west": -5.421657,
    "east": -2.418688
  },
  "León": {
    "north": 43.238204,
    "south": 42.029226,
    "west": -7.077069,
    "east": -4.733881
  },
  "Cáceres": {
    "north": 40.486651,
    "south": 39.031486,
    "west": -7.541332,
    "east": -4.952513
  },
  "Toledo": {
    "north": 40.318342,
    "south": 39.258417,
    "west": -5.406184,
    "east": -2.908233
  },
  "Huesca": {
    "north": 42.924386,
    "south": 41.347806,
    "west": -0.934168,
    "east": 0.771307
  },
  "Alacant": {
    "north": 38.887391,
    "south": 37.843828,
    "west": -1.094124,
    "east": 0.23395
  },
  "Zaragoza": {
    "north": 42.744052,
    "south": 40.936216,
    "west": -2.173671,
    "east": 0.385558
  },
  "Segovia": {
    "north": 41.586082,
    "south": 40.632985,
    "west": -4.724653,
    "east": -3.206929
  },
  "Santa Cruz de Tenerife": {
    "north": 28.85758,
    "south": 27.637734,
    "west": -18.160809,
    "east": -16.119492
  },
  "Asturias": {
    "north": 43.666481,
    "south": 42.882543,
    "west": -7.182489,
    "east": -4.510453
  },
  "Córdoba": {
    "north": 38.729087,
    "south": 37.184071,
    "west": -5.585924,
    "east": -4.000821
  },
  "Burgos": {
    "north": 43.198747,
    "south": 41.450784,
    "west": -4.335327,
    "east": -2.517397
  },
  "Sevilla": {
    "north": 38.197417,
    "south": 36.842192,
    "west": -6.538515,
    "east": -4.65335
  },
  "Cuenca": {
    "north": 40.658692,
    "south": 39.226481,
    "west": -3.170235,
    "east": -1.142547
  },
  "Albacete": {
    "north": 39.423077,
    "south": 38.021838,
    "west": -2.882888,
    "east": -0.915793
  },
  "Valladolid": {
    "north": 42.311842,
    "south": 41.094015,
    "west": -5.520891,
    "east": -3.980442
  },
  "Guadalajara": {
    "north": 41.327632,
    "south": 40.152456,
    "west": -3.541098,
    "east": -1.535638
  },
  "Barcelona": {
    "north": 42.323301,
    "south": 41.192784,
    "west": 1.360526,
    "east": 2.777584
  },
  "Huelva": {
    "north": 38.20821,
    "south": 36.794973,
    "west": -7.523047,
    "east": -6.121559
  },
  "Salamanca": {
    "north": 41.294216,
    "south": 40.238923,
    "west": -6.931705,
    "east": -5.089841
  },
  "Badajoz": {
    "north": 39.451789,
    "south": 37.941026,
    "west": -7.335668,
    "east": -4.647577
  },
  "Murcia": {
    "north": 38.755084,
    "south": 37.373753,
    "west": -2.344184,
    "east": -0.647983
  },
  "Álava": {
    "north": 43.217187,
    "south": 42.472361,
    "west": -3.286767,
    "east": -2.232687
  },
  "Girona": {
    "north": 42.495488,
    "south": 41.650769,
    "west": 1.724267,
    "east": 3.332541
  },
  "Lleida": {
    "north": 42.86145,
    "south": 41.274125,
    "west": 0.320036,
    "east": 1.855058
  },
  "Castellón": {
    "north": 40.788631,
    "south": 39.714698,
    "west": -0.846297,
    "east": 0.690311
  },
  "Valencia": {
    "north": 40.211533,
    "south": 38.686554,
    "west": -1.528778,
    "east": -0.024793
  },
  "Illes Balears": {
    "north": 40.094521,
    "south": 38.640388,
    "west": 1.158729,
    "east": 4.327739
  },
  "A Coruña": {
    "north": 43.792351,
    "south": 42.462964,
    "west": -9.301503,
    "east": -7.661727
  },
  "Ourense": {
    "north": 42.5786,
    "south": 41.807233,
    "west": -8.366344,
    "east": -6.733953
  },
  "Bizkaia": {
    "north": 43.456955,
    "south": 42.981653,
    "west": -3.450147,
    "east": -2.412604
  },
  "Gipuzkoa": {
    "north": 43.395868,
    "south": 42.895245,
    "west": -2.602684,
    "east": -1.729343
  }
}